Product Name,link
roof protection mat alu 370x150mm,google.com/roof protection mat alu 370x150mm
ANTAI_A0102-TYN424-01 Beam,google.com/ANTAI_A0102-TYN424-01 Beam
ANTAI_A0104-TYN417-01 Rail,google.com/ANTAI_A0104-TYN417-01 Rail
ANTAI_A0301-F35x35x2-01 Pole,google.com/ANTAI_A0301-F35x35x2-01 Pole
AC200MAX POWER STATION BLUETTI,google.com/AC200MAX POWER STATION BLUETTI
AC300 POWER STATION BLUETTI,google.com/AC300 POWER STATION BLUETTI
Nanocarport_Y COMMERCIAL BASIC PACKAGE 3x16 5 cars,google.com/Nanocarport_Y COMMERCIAL BASIC PACKAGE 3x16 5 cars
Nanocarport_Y COMMERCIAL EXTENSION PKG. 3x3 1car,google.com/Nanocarport_Y COMMERCIAL EXTENSION PKG. 3x3 1car
ANTAI_JBS0005600 Self-Tapping Screw,google.com/ANTAI_JBS0005600 Self-Tapping Screw
Nanoracking Argo PV SET_1_12142022 13.85(H)x8.5(V),google.com/Nanoracking Argo PV SET_1_12142022 13.85(H)x8.5(V)
Nanoracking Argo PV SET_2_12142022 27.6(H)x8.5(V),google.com/Nanoracking Argo PV SET_2_12142022 27.6(H)x8.5(V)
Nanoracking Argo PV SET_3_12142022 34.45(H)x16.3 V,google.com/Nanoracking Argo PV SET_3_12142022 34.45(H)x16.3 V
Antai_Tile Roof Hook 2 W30 H70,google.com/Antai_Tile Roof Hook 2 W30 H70
Antai_Tile Roof Hook 3 W30 H185,google.com/Antai_Tile Roof Hook 3 W30 H185
ANTAI_WIND DEFLECTOR,google.com/ANTAI_WIND DEFLECTOR
AVANCIS POWERMAX SKALA 130W Green 4002,google.com/AVANCIS POWERMAX SKALA 130W Green 4002
AVANCIS POWERMAX SKALA 150W B901,google.com/AVANCIS POWERMAX SKALA 150W B901
AVANCIS SKALA 100W 1202 RED,google.com/AVANCIS SKALA 100W 1202 RED
AVANCIS SKALA 115W,google.com/AVANCIS SKALA 115W
AVANCIS SKALA 125W,google.com/AVANCIS SKALA 125W
AVANCIS SKALA 130W,google.com/AVANCIS SKALA 130W
AVANCIS SKALA 130W B,google.com/AVANCIS SKALA 130W B
AVANCIS SKALA G002 130W Grey,google.com/AVANCIS SKALA G002 130W Grey
AVANCIS SKALA 135W 7002 Dark Blue,google.com/AVANCIS SKALA 135W 7002 Dark Blue
AVANCIS SKALA 140W,google.com/AVANCIS SKALA 140W
AVANCIS SKALA B001 140W Black,google.com/AVANCIS SKALA B001 140W Black
AVANCIS SKALA B001 140W Black,google.com/AVANCIS SKALA B001 140W Black
ANTAI_B0601-JDP20-01 Earthing Clip,google.com/ANTAI_B0601-JDP20-01 Earthing Clip
ANTAI_B0601-JDP29-01 Earthing Clip,google.com/ANTAI_B0601-JDP29-01 Earthing Clip
B230 BATTERY BLUETTI,google.com/B230 BATTERY BLUETTI
B300 BATTERY BLUETTI,google.com/B300 BATTERY BLUETTI
Backup Box-B1(HUAWEI LUNA2000-Back-up system 3-pha,google.com/Backup Box-B1(HUAWEI LUNA2000-Back-up system 3-pha
BENY EV Charger BCP-A1N-L,google.com/BENY EV Charger BCP-A1N-L
BENY EV Charger BCP-AT1S-L,google.com/BENY EV Charger BCP-AT1S-L
BTS 5K-BDU,google.com/BTS 5K-BDU
"BTS_5K_BATTERY_MODULE_5,12","google.com/BTS_5K_BATTERY_MODULE_5,12"
BYD_BATTERY_HVM,google.com/BYD_BATTERY_HVM
BYD_BATTERY_HVS,google.com/BYD_BATTERY_HVS
BYD_BATTERY_HVS,google.com/BYD_BATTERY_HVS
BYD_HVM/HVS_BCU+BASE,google.com/BYD_HVM/HVS_BCU+BASE
BYD_HVM/HVS_BCU+BASE,google.com/BYD_HVM/HVS_BCU+BASE
BYD_HVM/HVS_BCU+BASE,google.com/BYD_HVM/HVS_BCU+BASE
ANTAI_C0101-TYN427-01 Connector,google.com/ANTAI_C0101-TYN427-01 Connector
ANTAI_C0102-TYN423-01 Front Base,google.com/ANTAI_C0102-TYN423-01 Front Base
ANTAI_C0102-TYN426-01 Rear Base,google.com/ANTAI_C0102-TYN426-01 Rear Base
ANTAI_C0103-GN003-27 Mid Clamp (35/40mm Panel),google.com/ANTAI_C0103-GN003-27 Mid Clamp (35/40mm Panel)
ANTAI_C0103-TYN436-03 Mid Clamp (30mm Panel),google.com/ANTAI_C0103-TYN436-03 Mid Clamp (30mm Panel)
ANTAI_C0104-TYN433-01 End Clamp (30mm Panel),google.com/ANTAI_C0104-TYN433-01 End Clamp (30mm Panel)
ANTAI_C0104-TYN433-03 End Clamp (30mm Panel),google.com/ANTAI_C0104-TYN433-03 End Clamp (30mm Panel)
ANTAI_C0104-TYN434-01 End Clamp (35/40mm Panel),google.com/ANTAI_C0104-TYN434-01 End Clamp (35/40mm Panel)
ANTAI_C0104-TYN434-03 End Clamp (35/40mm Panel),google.com/ANTAI_C0104-TYN434-03 End Clamp (35/40mm Panel)
ANTAI_C0106-TYN418-01 Rail Splice,google.com/ANTAI_C0106-TYN418-01 Rail Splice
ANTAI_C0106-TYN425-01 Beam Splice,google.com/ANTAI_C0106-TYN425-01 Beam Splice
ANTAI_C0401-AU001-03 Tile Roof Hook,google.com/ANTAI_C0401-AU001-03 Tile Roof Hook
ANTAI_C0402-CJ025-29 L Feet Kit with M10X250 Hange,google.com/ANTAI_C0402-CJ025-29 L Feet Kit with M10X250 Hange
ANTAI_C0402-CJ092-01 TYN 450 Mini Rail for Trapezb,google.com/ANTAI_C0402-CJ092-01 TYN 450 Mini Rail for Trapezb
ANTAI_C0501-TYN16-04 Grounding Lug,google.com/ANTAI_C0501-TYN16-04 Grounding Lug
COM100E SUNGROW Smart Communication Box,google.com/COM100E SUNGROW Smart Communication Box
Wallbox EV charger:Copper SB CPB1 (22kW / SOCKET /,google.com/Wallbox EV charger:Copper SB CPB1 (22kW / SOCKET /
CS6L-455MS_BF,google.com/CS6L-455MS_BF
CS6L-460MS_BF,google.com/CS6L-460MS_BF
CS6R-410 SF,google.com/CS6R-410 SF
CS6R-415 BF,google.com/CS6R-415 BF
CS7L-595MS,google.com/CS7L-595MS
CS7N-665MS,google.com/CS7N-665MS
CS7N-665MS,google.com/CS7N-665MS
DONGLE (WiFi2.0) SOLINTEG,google.com/DONGLE (WiFi2.0) SOLINTEG
DTSU666 SUNGROW,google.com/DTSU666 SUNGROW
DTSU666-D SOLAX,google.com/DTSU666-D SOLAX
DTSU666-H 250A,google.com/DTSU666-H 250A
dummy LUNA 2000-5-EO ( Luna Huawei Battery exstens,google.com/dummy LUNA 2000-5-EO ( Luna Huawei Battery exstens
Dummy SUN2000-10KTL-M1 HUAWEI,google.com/Dummy SUN2000-10KTL-M1 HUAWEI
DYNESS_BDU_BASE,google.com/DYNESS_BDU_BASE
DYNESS_HV9637,google.com/DYNESS_HV9637
EBS-5150-BAS,google.com/EBS-5150-BAS
EBS-5150-BAT,google.com/EBS-5150-BAT
EBS-5150-BMS,google.com/EBS-5150-BMS
EP500PRO MOVABLE POWER STATION BLUETTI,google.com/EP500PRO MOVABLE POWER STATION BLUETTI
GW60KN-MT,google.com/GW60KN-MT
HUAWEI AC_CHARGER-1PH 7KW,google.com/HUAWEI AC_CHARGER-1PH 7KW
SDongleA-03-EU - Huawei Smart Dongle-4G,google.com/SDongleA-03-EU - Huawei Smart Dongle-4G
HUAWEI Wi-Fi Dongle,google.com/HUAWEI Wi-Fi Dongle
HUAWEI Wi-Fi Dongle,google.com/HUAWEI Wi-Fi Dongle
JAM54D40-420-MB-BF,google.com/JAM54D40-420-MB-BF
JAM54D40-425-GB-BF,google.com/JAM54D40-425-GB-BF
JAM54D40-425-GB-BF,google.com/JAM54D40-425-GB-BF
JAM54D41-435-LB-ALL BLACK,google.com/JAM54D41-435-LB-ALL BLACK
JAM54D41-435-LB-ALL BLACK,google.com/JAM54D41-435-LB-ALL BLACK
JAM54D41-435-LB-ALL BLACK,google.com/JAM54D41-435-LB-ALL BLACK
JAM54S30-405-MR-BF,google.com/JAM54S30-405-MR-BF
JAM54S30-410-MR-SF,google.com/JAM54S30-410-MR-SF
JAM54S30-415-GR-BF,google.com/JAM54S30-415-GR-BF
JAM54S30-415-MR-BF,google.com/JAM54S30-415-MR-BF
JAM54S30-415-MR-BF,google.com/JAM54S30-415-MR-BF
JAM54S30-415-MR-BF,google.com/JAM54S30-415-MR-BF
JAM54S30-415-MR-BF,google.com/JAM54S30-415-MR-BF
JAM54S30-415-MR-BF,google.com/JAM54S30-415-MR-BF
JAM54S30-415-MR-BF,google.com/JAM54S30-415-MR-BF
JAM54S30-420-GR-BF,google.com/JAM54S30-420-GR-BF
JAM54S30-420-GR-BF,google.com/JAM54S30-420-GR-BF
JAM54S31-400-MR-ALLBLACK,google.com/JAM54S31-400-MR-ALLBLACK
JAM54S31-405-MR-ALLBLACK,google.com/JAM54S31-405-MR-ALLBLACK
JAM54S31-405-MR-ALLBLACK,google.com/JAM54S31-405-MR-ALLBLACK
JAM54S31-405-MR-ALLBLACK,google.com/JAM54S31-405-MR-ALLBLACK
JAM60S20-385-MR-BF,google.com/JAM60S20-385-MR-BF
JAM60S20-385-MR-BF,google.com/JAM60S20-385-MR-BF
JAM60S20-385-MR-BF [NEW],google.com/JAM60S20-385-MR-BF [NEW]
JAM60S20-385-MR-BF [NEW],google.com/JAM60S20-385-MR-BF [NEW]
JAM66S30-500-MR SF,google.com/JAM66S30-500-MR SF
JAM72D30-540-MB-SF,google.com/JAM72D30-540-MB-SF
JAM72D30-545-MB-SF,google.com/JAM72D30-545-MB-SF
JAM72D30-545-MB-SF,google.com/JAM72D30-545-MB-SF
JAM72D30-550-MB-SF,google.com/JAM72D30-550-MB-SF
JAM72D30-550-MB-SF,google.com/JAM72D30-550-MB-SF
JAM72D30-550-MB-SF,google.com/JAM72D30-550-MB-SF
JAM72D30-550-MB-SF,google.com/JAM72D30-550-MB-SF
JAM72D30-550-MB-SF,google.com/JAM72D30-550-MB-SF
JAM72S20-460-MR,google.com/JAM72S20-460-MR
JAM72S30-545/MR,google.com/JAM72S30-545/MR
JAM72S30-545/MR,google.com/JAM72S30-545/MR
JAM72S30-550/MR SF,google.com/JAM72S30-550/MR SF
JINKO Tiger Neo 72HL4-(V) 575W,google.com/JINKO Tiger Neo 72HL4-(V) 575W
solární kabel H1Z2Z2-K 1x6 černá,google.com/solární kabel H1Z2Z2-K 1x6 černá
solární kabel H1Z2Z2-K 1x6 červená,google.com/solární kabel H1Z2Z2-K 1x6 červená
Konektor female MC4,google.com/Konektor female MC4
Konektor male MC4,google.com/Konektor male MC4
LOGGER1000B,google.com/LOGGER1000B
Logger 4000,google.com/Logger 4000
LR5-54HIH-410M,google.com/LR5-54HIH-410M
LR5-54HPH-415M,google.com/LR5-54HPH-415M
LR5-54HTB-435M,google.com/LR5-54HTB-435M
LR5-54HTB-435M,google.com/LR5-54HTB-435M
LR5-54HTH-420M,google.com/LR5-54HTH-420M
LR5-54HTH-435M,google.com/LR5-54HTH-435M
LR5-66HPH-505M,google.com/LR5-66HPH-505M
LR5-66HPH-505M BF,google.com/LR5-66HPH-505M BF
LR5-66HTH-530M,google.com/LR5-66HTH-530M
LR5-72HBD-550M,google.com/LR5-72HBD-550M
LR5-72HPH-545M,google.com/LR5-72HPH-545M
LR5-72HTH-580M,google.com/LR5-72HTH-580M
LR5-72HTH-580M,google.com/LR5-72HTH-580M
LR5-72HTH-580M,google.com/LR5-72HTH-580M
LR5-72HTH-585M,google.com/LR5-72HTH-585M
LR5-72HTH-585M,google.com/LR5-72HTH-585M
LR5-72HTH-585M,google.com/LR5-72HTH-585M
LTE Stick LS4G-3 (USB),google.com/LTE Stick LS4G-3 (USB)
LUNA2000 Wall Mounting Bracket,google.com/LUNA2000 Wall Mounting Bracket
MC4 CONNECTOR SUNMAN,google.com/MC4 CONNECTOR SUNMAN
MHT-10K-25,google.com/MHT-10K-25
"MHT-20K-40, with LAN","google.com/MHT-20K-40, with LAN"
MHT-25K-100,google.com/MHT-25K-100
MHT-25K-100,google.com/MHT-25K-100
MHT-40K-100,google.com/MHT-40K-100
MHT-50K-100,google.com/MHT-50K-100
MHT-50K-100,google.com/MHT-50K-100
POCKET WFI DONGLE,google.com/POCKET WFI DONGLE
"Wallbox EV charger: Pulsar Plus -7,4kW/5m/T2/White","google.com/Wallbox EV charger: Pulsar Plus -7,4kW/5m/T2/White"
"Wallbox EV charger: Pulsar Plus -7,4kW/5m/T2/Black","google.com/Wallbox EV charger: Pulsar Plus -7,4kW/5m/T2/Black"
Wallbox EV charger: Pulsar Plus - 22kW/5m/T2/_BLK,google.com/Wallbox EV charger: Pulsar Plus - 22kW/5m/T2/_BLK
"Wallbox EV charger: Pulsar - 7,4kW / 5m / T2 / whi","google.com/Wallbox EV charger: Pulsar - 7,4kW / 5m / T2 / whi"
PV350 SOLAR PANEL 350W BLUETTI,google.com/PV350 SOLAR PANEL 350W BLUETTI
RS3-450M-E3,google.com/RS3-450M-E3
S100 SINGLE PHASE ENERGY METTER,google.com/S100 SINGLE PHASE ENERGY METTER
Sermatec Parallel Box SMT-PB-10K,google.com/Sermatec Parallel Box SMT-PB-10K
Sermatec 10kW Three phase hybrid inverter - SMT-10,google.com/Sermatec 10kW Three phase hybrid inverter - SMT-10
SG10.0RT-V115,google.com/SG10.0RT-V115
SG12.0RT-V115,google.com/SG12.0RT-V115
SG12KTL-M,google.com/SG12KTL-M
SG15.0RT-V115,google.com/SG15.0RT-V115
SG17.0RT-V11,google.com/SG17.0RT-V11
SG17.0RT-V115,google.com/SG17.0RT-V115
SG250HX,google.com/SG250HX
SG40CX-V112,google.com/SG40CX-V112
SG5.0RT-V115_S,google.com/SG5.0RT-V115_S
SG50CX-P2- V12_S,google.com/SG50CX-P2- V12_S
SG6.0RT-V115,google.com/SG6.0RT-V115
SG6KTL-MT,google.com/SG6KTL-MT
SG8.0RT-V115,google.com/SG8.0RT-V115
SGEYEM4,google.com/SGEYEM4
SGEYEM4,google.com/SGEYEM4
SH5.0RT,google.com/SH5.0RT
SH6.0RT,google.com/SH6.0RT
SH8.0RT,google.com/SH8.0RT
SH8.0RT,google.com/SH8.0RT
SmartFlower 50Hz SINGLE Phase - PORCELAIN colour,google.com/SmartFlower 50Hz SINGLE Phase - PORCELAIN colour
SmartFlower 50Hz 3-Phase - Amber colour,google.com/SmartFlower 50Hz 3-Phase - Amber colour
SmartFlower 50Hz 3-Phase - Porcelain colour,google.com/SmartFlower 50Hz 3-Phase - Porcelain colour
SmartFlower 50Hz SINGLE Phase - PEARL colour,google.com/SmartFlower 50Hz SINGLE Phase - PEARL colour
SMARTLOGGER3000A03,google.com/SMARTLOGGER3000A03
SUN2000-450W-P2 Smart PV Optimizer,google.com/SUN2000-450W-P2 Smart PV Optimizer
SUN2000-600W-P Smart PV Optimizer,google.com/SUN2000-600W-P Smart PV Optimizer
SOFAR 50KTLX-G3,google.com/SOFAR 50KTLX-G3
SOFAR 50KTLX-G3 X2 + AC BOX,google.com/SOFAR 50KTLX-G3 X2 + AC BOX
Soluna_10K_HV_LFP,google.com/Soluna_10K_HV_LFP
Soluna HV PARRALLEL BOX,google.com/Soluna HV PARRALLEL BOX
SOLUNA_LIB_5KWH_BATT.,google.com/SOLUNA_LIB_5KWH_BATT.
Soluna Liberty Battery rack,google.com/Soluna Liberty Battery rack
Soluna_S4_EU-A36,google.com/Soluna_S4_EU-A36
Soluna Battery Monitoring Wi-Fi Communication Stic,google.com/Soluna Battery Monitoring Wi-Fi Communication Stic
SUN2000-100KTL-M2,google.com/SUN2000-100KTL-M2
SUN2000-10KTL-M1,google.com/SUN2000-10KTL-M1
SUN2000-10KTL-M1,google.com/SUN2000-10KTL-M1
SUN2000-12KTL-M5,google.com/SUN2000-12KTL-M5
SUN2000-15KTL-M5,google.com/SUN2000-15KTL-M5
SUN2000-17KTL-M2,google.com/SUN2000-17KTL-M2
SUN2000-25KTL-M5,google.com/SUN2000-25KTL-M5
SUN2000-33KTL,google.com/SUN2000-33KTL
SUN2000-3KTL-L1,google.com/SUN2000-3KTL-L1
SUN2000-40KTL-M3,google.com/SUN2000-40KTL-M3
SUN2000-4KTL-M1,google.com/SUN2000-4KTL-M1
SUN2000-4KTL-M1,google.com/SUN2000-4KTL-M1
SUN2000-50KTL-M3,google.com/SUN2000-50KTL-M3
SUN2000-50KTL-M3,google.com/SUN2000-50KTL-M3
SUN2000-5KTL-L1,google.com/SUN2000-5KTL-L1
SUN2000-5KTL-M1,google.com/SUN2000-5KTL-M1
SUN2000-6KTL-L1,google.com/SUN2000-6KTL-L1
SUN2000-6KTL-M1,google.com/SUN2000-6KTL-M1
SUN2000-8KTL-M1,google.com/SUN2000-8KTL-M1
SUN2000L-2KTL-L1,google.com/SUN2000L-2KTL-L1
Sungrow SBR Base + BMS,google.com/Sungrow SBR Base + BMS
Sungrow SBR Base + BMS,google.com/Sungrow SBR Base + BMS
Sungrow SBR Base + BMS,google.com/Sungrow SBR Base + BMS
Sungrow SBR Base + BMS,google.com/Sungrow SBR Base + BMS
Sungrow_11kW AC charger AC011E-01,google.com/Sungrow_11kW AC charger AC011E-01
Sungrow_11kW AC charger AC011E-01,google.com/Sungrow_11kW AC charger AC011E-01
"Sungrow SBR Battery module 3,2 kWh","google.com/Sungrow SBR Battery module 3,2 kWh"
"Sungrow SBR Battery module 3,2 kWh","google.com/Sungrow SBR Battery module 3,2 kWh"
"Sungrow SBR Battery module 3,2 kWh","google.com/Sungrow SBR Battery module 3,2 kWh"
"Sungrow SBR Battery module 3,2 kWh","google.com/Sungrow SBR Battery module 3,2 kWh"
SUNMAN CS MATERIAL,google.com/SUNMAN CS MATERIAL
SUNMAN DIMA MS 8201 glue,google.com/SUNMAN DIMA MS 8201 glue
SUNMAN Seal It 380 Multifast,google.com/SUNMAN Seal It 380 Multifast
SUNMAN TBS ButyI Tape 656,google.com/SUNMAN TBS ButyI Tape 656
SUNMAN Tonsan 1527 glue,google.com/SUNMAN Tonsan 1527 glue
SUNMAN_SMF430F,google.com/SUNMAN_SMF430F
SUNMAN_SMF430F,google.com/SUNMAN_SMF430F
SUNPORT SPP375QHES-B,google.com/SUNPORT SPP375QHES-B
SUNPORT SPP380QHES,google.com/SUNPORT SPP380QHES
Tigo Access Point (TAP),google.com/Tigo Access Point (TAP)
T-BAT 5.8 HV11550,google.com/T-BAT 5.8 HV11550
THREE PHASE ENERGY METER DTSD 1352-C (6) A,google.com/THREE PHASE ENERGY METER DTSD 1352-C (6) A
Tigo CCA kit,google.com/Tigo CCA kit
Antai_Tile Roof Hook L=140 W30,google.com/Antai_Tile Roof Hook L=140 W30
TRINA_DE09R.05_415W_Full black,google.com/TRINA_DE09R.05_415W_Full black
TRINA_DE09R.08_425W,google.com/TRINA_DE09R.08_425W
TRINA_DE09R.08_430W,google.com/TRINA_DE09R.08_430W
TRINA_DE09R.08W_415W,google.com/TRINA_DE09R.08W_415W
TRINA_DEG09R.08_420W_DUALGLASS,google.com/TRINA_DEG09R.08_420W_DUALGLASS
TRINA_NEG9R.28_430W_DUALGLASS,google.com/TRINA_NEG9R.28_430W_DUALGLASS
TRINA_NEG9R.28_435W_DUALGLASS,google.com/TRINA_NEG9R.28_435W_DUALGLASS
TRINA_NEG9R.28_435W_DUALGLASS,google.com/TRINA_NEG9R.28_435W_DUALGLASS
TRINA_NEG9R.28 n type 440 I-Topcon DualGlass,google.com/TRINA_NEG9R.28 n type 440 I-Topcon DualGlass
TRINA_NEG9R.28 n type 445 I-Topcon DualGlass,google.com/TRINA_NEG9R.28 n type 445 I-Topcon DualGlass
TRINA_NEG9R.28 n type 445 I-Topcon DualGlass,google.com/TRINA_NEG9R.28 n type 445 I-Topcon DualGlass
TRINA_NEG9R.28 n type 445 I-Topcon DualGlass,google.com/TRINA_NEG9R.28 n type 445 I-Topcon DualGlass
TRINA_NEG9R.28 n type 445 I-Topcon DualGlass,google.com/TRINA_NEG9R.28 n type 445 I-Topcon DualGlass
TRINA_NEG9R.28 n type 445 I-Topcon DualGlass,google.com/TRINA_NEG9R.28 n type 445 I-Topcon DualGlass
TRINA_NEG9R.28 n type 445 I-Topcon DualGlass,google.com/TRINA_NEG9R.28 n type 445 I-Topcon DualGlass
TRINA_NEG9R.28 n type 445 I-Topcon DualGlass,google.com/TRINA_NEG9R.28 n type 445 I-Topcon DualGlass
TRINA_NEG9R.28 n type 445 I-Topcon DualGlass,google.com/TRINA_NEG9R.28 n type 445 I-Topcon DualGlass
TRINA_NEG9R.28 n type 445 I-Topcon DualGlass,google.com/TRINA_NEG9R.28 n type 445 I-Topcon DualGlass
TRINA_NEG9R.28 n type 445 I-Topcon DualGlass,google.com/TRINA_NEG9R.28 n type 445 I-Topcon DualGlass
TRINA_NEG9RC.27 n type 430 I-Topcon Bifacial DualG,google.com/TRINA_NEG9RC.27 n type 430 I-Topcon Bifacial DualG
TRINA_NEG9RC.27 n type 435 I-Topcon Bifacial DualG,google.com/TRINA_NEG9RC.27 n type 435 I-Topcon Bifacial DualG
TRINA_NEG9RC.27 n type 435 I-Topcon Bifacial DualG,google.com/TRINA_NEG9RC.27 n type 435 I-Topcon Bifacial DualG
TRINA_NEG9RC.27 n type 435 I-Topcon Bifacial DualG,google.com/TRINA_NEG9RC.27 n type 435 I-Topcon Bifacial DualG
TRINA_NEG9RC.27 n type 435 I-Topcon Bifacial DualG,google.com/TRINA_NEG9RC.27 n type 435 I-Topcon Bifacial DualG
TRINA_NEG9RC.27 n type 435 I-Topcon Bifacial DualG,google.com/TRINA_NEG9RC.27 n type 435 I-Topcon Bifacial DualG
TRINA_NEG9RC.27 n type 435 I-Topcon Bifacial DualG,google.com/TRINA_NEG9RC.27 n type 435 I-Topcon Bifacial DualG
TRINA_NEG9RC.27 n type 435 I-Topcon Bifacial DualG,google.com/TRINA_NEG9RC.27 n type 435 I-Topcon Bifacial DualG
TRINA_NEG9RC.27 n type 435 I-Topcon Bifacial DualG,google.com/TRINA_NEG9RC.27 n type 435 I-Topcon Bifacial DualG
TRINA_NEG9RC.27 n type 435 I-Topcon Bifacial DualG,google.com/TRINA_NEG9RC.27 n type 435 I-Topcon Bifacial DualG
TRINA_TSM-550DE19,google.com/TRINA_TSM-550DE19
TRINA_TSM-555DE19,google.com/TRINA_TSM-555DE19
TRINA_TSM-650_DEG21C.20,google.com/TRINA_TSM-650_DEG21C.20
TS4-A-O Tigo Optimizer,google.com/TS4-A-O Tigo Optimizer
TW-400W- MAP-108-H-FULL BLACK,google.com/TW-400W- MAP-108-H-FULL BLACK
TW-410W MAP-108-H-S BF,google.com/TW-410W MAP-108-H-S BF
Wallbox Cable holder - metallic / black,google.com/Wallbox Cable holder - metallic / black
Wallbox Cable holder - metallic / white,google.com/Wallbox Cable holder - metallic / white
Wallbox Power Meter - EM112,google.com/Wallbox Power Meter - EM112
Wallbox Power Meter - EM340,google.com/Wallbox Power Meter - EM340
Nanocarport_Y Design Waterproof Carport 3x10 4cars,google.com/Nanocarport_Y Design Waterproof Carport 3x10 4cars
Nanocarport_Y Design Waterproof Carport 3x5 2 cars,google.com/Nanocarport_Y Design Waterproof Carport 3x5 2 cars
SUNGROW WiNet-S,google.com/SUNGROW WiNet-S
SUNGROW WiNet-S,google.com/SUNGROW WiNet-S
X3-HYBRID-10KW,google.com/X3-HYBRID-10KW
Smartflower Spare Parts Kit Large,google.com/Smartflower Spare Parts Kit Large
AVANCIS SKALA 70W G001,google.com/AVANCIS SKALA 70W G001
AVANCIS SKALA 120W 3002 Gold,google.com/AVANCIS SKALA 120W 3002 Gold
JAM72S30-545-MR-SF 35MM,google.com/JAM72S30-545-MR-SF 35MM
LR5-54HTH-440M,google.com/LR5-54HTH-440M
LR5-54HTH-440M,google.com/LR5-54HTH-440M
LR5-72HTH-570M,google.com/LR5-72HTH-570M
JAM72D40-575-MB,google.com/JAM72D40-575-MB
JAM72D40-580-MB,google.com/JAM72D40-580-MB
JAM72D40-580-MB,google.com/JAM72D40-580-MB
JAM72D40-580-MB,google.com/JAM72D40-580-MB
JAM72D40-580-MB,google.com/JAM72D40-580-MB
JAM54S31-410-MR-ALLBLACK,google.com/JAM54S31-410-MR-ALLBLACK
JAM54S31-410-MR-ALLBLACK,google.com/JAM54S31-410-MR-ALLBLACK
AVANCIS SKALA 135W G001 Anthracite,google.com/AVANCIS SKALA 135W G001 Anthracite
RISING-AIR-PPS5000 Portable power station,google.com/RISING-AIR-PPS5000 Portable power station
RISING-AIR-PPS5000 Portable power station,google.com/RISING-AIR-PPS5000 Portable power station
JAM54D40-440-LB-BF,google.com/JAM54D40-440-LB-BF
JAM54D40-435-LB-BF,google.com/JAM54D40-435-LB-BF
JAM54D40-435-LB-BF,google.com/JAM54D40-435-LB-BF
LR5-72HTH-575M,google.com/LR5-72HTH-575M
LR5-72HTH-575M,google.com/LR5-72HTH-575M
LR5-72HTH-575M,google.com/LR5-72HTH-575M
LR5-66HTH-525W,google.com/LR5-66HTH-525W
LR5-66HTH-525W,google.com/LR5-66HTH-525W
SG125CX-P2-V113_S,google.com/SG125CX-P2-V113_S
JAM54S30-425-LR-BF,google.com/JAM54S30-425-LR-BF
JAM72D30-560-LB,google.com/JAM72D30-560-LB
"SolarEdge optimizer S1000-1GM4MBT, cable 4.8m","google.com/SolarEdge optimizer S1000-1GM4MBT, cable 4.8m"
AHW-160HEDS1 Heat Pump Outdoor Unit,google.com/AHW-160HEDS1 Heat Pump Outdoor Unit
AHM-160HEDSAA Heat Pump Internal Unit,google.com/AHM-160HEDSAA Heat Pump Internal Unit
HCT-S01E Temperature sensor for installation,google.com/HCT-S01E Temperature sensor for installation
HESE-3W25A Threeway directional valve,google.com/HESE-3W25A Threeway directional valve
HSXE-VC04 Room thermostat,google.com/HSXE-VC04 Room thermostat
HC-T-01M Ambient temperature sensor,google.com/HC-T-01M Ambient temperature sensor
HTS-E1000A1 Water Temperature sensor,google.com/HTS-E1000A1 Water Temperature sensor
HCCS-H64H2C1M HI-MIT (ATW) Wifi Module,google.com/HCCS-H64H2C1M HI-MIT (ATW) Wifi Module
TRINA_NEG9R.28 n type 450 I-Topcon DualGlass,google.com/TRINA_NEG9R.28 n type 450 I-Topcon DualGlass
TRINA_NEG9R.28 n type 450 I-Topcon DualGlass,google.com/TRINA_NEG9R.28 n type 450 I-Topcon DualGlass
TRINA_NEG9R.28 n type 450 I-Topcon DualGlass,google.com/TRINA_NEG9R.28 n type 450 I-Topcon DualGlass
TRINA_NEG9R.28 n type 450 I-Topcon DualGlass,google.com/TRINA_NEG9R.28 n type 450 I-Topcon DualGlass
TRINA_NEG9R.28 n type 450 I-Topcon DualGlass,google.com/TRINA_NEG9R.28 n type 450 I-Topcon DualGlass
TRINA_NEG9R.28 n type 450 I-Topcon DualGlass,google.com/TRINA_NEG9R.28 n type 450 I-Topcon DualGlass
TRINA_NEG9R.28 n type 450 I-Topcon DualGlass,google.com/TRINA_NEG9R.28 n type 450 I-Topcon DualGlass
TRINA_NEG9R.28 n type 450 I-Topcon DualGlass,google.com/TRINA_NEG9R.28 n type 450 I-Topcon DualGlass
TRINA_NEG9R.28 n type 450 I-Topcon DualGlass,google.com/TRINA_NEG9R.28 n type 450 I-Topcon DualGlass
Solinteg RMK-5A Three phase smart meter,google.com/Solinteg RMK-5A Three phase smart meter
Solinteg RMK-MA 120 three phase smart meter,google.com/Solinteg RMK-MA 120 three phase smart meter
Solinteg LAN Module Integ R,google.com/Solinteg LAN Module Integ R
JAM78S30-585/MR,google.com/JAM78S30-585/MR
LONGI LR5-72HGD-575W,google.com/LONGI LR5-72HGD-575W
SG350HX-V115,google.com/SG350HX-V115
AHM-060HCDSAA Heat pump Internal Unit 1 pc 0%,google.com/AHM-060HCDSAA Heat pump Internal Unit 1 pc 0%
AHW-060HCDS1 Heat Pump Outdoor Unit,google.com/AHW-060HCDS1 Heat Pump Outdoor Unit
AHM-080HCDSAA Heat Pump Internal Unit,google.com/AHM-080HCDSAA Heat Pump Internal Unit
AHW-080HCDS1 Heat Pump Outdoor Unit,google.com/AHW-080HCDS1 Heat Pump Outdoor Unit
AHW-100HEDS1 Heat Pump Outdoor Unit,google.com/AHW-100HEDS1 Heat Pump Outdoor Unit
AHM-100HEDSAA Heat Pump Internal Unit,google.com/AHM-100HEDSAA Heat Pump Internal Unit
AHW-140HEDS1 Heat Pump Outdoor Unit,google.com/AHW-140HEDS1 Heat Pump Outdoor Unit
AHM-140HEDSAA Heat Pump Internal Unit,google.com/AHM-140HEDSAA Heat Pump Internal Unit
AHZ-080HCDS1 Heat Pump Outdoor Unit,google.com/AHZ-080HCDS1 Heat Pump Outdoor Unit
JAM54D40-445-LB-BF,google.com/JAM54D40-445-LB-BF
JAM54D40-445-LB-BF,google.com/JAM54D40-445-LB-BF
JAM54D40-445-LB-BF,google.com/JAM54D40-445-LB-BF
SG125CX-P2-V112_S,google.com/SG125CX-P2-V112_S
JAM54D41-440-LB-ALL BLACK,google.com/JAM54D41-440-LB-ALL BLACK
JAM66S30-505-MR BF,google.com/JAM66S30-505-MR BF
JAM66S30-505-MR BF,google.com/JAM66S30-505-MR BF
SH15T-V11,google.com/SH15T-V11
JAM72D42-630-LB,google.com/JAM72D42-630-LB
JAM72D40-585-MB,google.com/JAM72D40-585-MB
JAM72D40-585-MB,google.com/JAM72D40-585-MB
Nanocarport_Y Design Waterproof Carport 3x3 1 car,google.com/Nanocarport_Y Design Waterproof Carport 3x3 1 car
JINKO JKM435N-54HL4R-BDV Tiger NEO N-TYPE / BF,google.com/JINKO JKM435N-54HL4R-BDV Tiger NEO N-TYPE / BF
JINKO JKM430N-54HL4R-BDV Tiger NEO N-TYPE / BF,google.com/JINKO JKM430N-54HL4R-BDV Tiger NEO N-TYPE / BF
JINKO JKM54HL4R-B 440W ALLBLACK Tiger NEO N-TYPE,google.com/JINKO JKM54HL4R-B 440W ALLBLACK Tiger NEO N-TYPE
JINKO-JKM625N-78HL4-BDV Bifacial Ntype / SF,google.com/JINKO-JKM625N-78HL4-BDV Bifacial Ntype / SF
JINKO-JKM585N-72HL4-BDV Bifacial Ntype / SF,google.com/JINKO-JKM585N-72HL4-BDV Bifacial Ntype / SF
JINKO-JKM580N-72HL4-BDV Bifacial Ntype / SF,google.com/JINKO-JKM580N-72HL4-BDV Bifacial Ntype / SF
JINKO JKM445N-54HL4 Black Frame / TIGER NEO N-TYPE,google.com/JINKO JKM445N-54HL4 Black Frame / TIGER NEO N-TYPE
JINKO JKM450N-54HL4 Black Frame / TIGER NEO N-TYPE,google.com/JINKO JKM450N-54HL4 Black Frame / TIGER NEO N-TYPE
JINKO JKM480N-60HL4 Black Frame / TIGER NEO N-TYPE,google.com/JINKO JKM480N-60HL4 Black Frame / TIGER NEO N-TYPE
JINKO JKM585N-72HL4 TIGER NEO N-TYPE / SF,google.com/JINKO JKM585N-72HL4 TIGER NEO N-TYPE / SF
Sungrow AC Plate for SG125CX-P2 (5-holes),google.com/Sungrow AC Plate for SG125CX-P2 (5-holes)
ANTAI_C0402-CJ025-73 L Feet Kit with M10X300 Hange,google.com/ANTAI_C0402-CJ025-73 L Feet Kit with M10X300 Hange
ANTAI_FENCE_SOLAR sample,google.com/ANTAI_FENCE_SOLAR sample
ANTAI_RAIL_CAP B0603-NW024DG-01,google.com/ANTAI_RAIL_CAP B0603-NW024DG-01
ANTAI_BEAM_CAP B0603-TYN258DG-01,google.com/ANTAI_BEAM_CAP B0603-TYN258DG-01
LR5-66HTH-520W,google.com/LR5-66HTH-520W
LR5-54HTD-430M Bifacial,google.com/LR5-54HTD-430M Bifacial
LR5-54HTD-435M Bifacial,google.com/LR5-54HTD-435M Bifacial
AVANCIS SKALA 135W 7004 Light Blue,google.com/AVANCIS SKALA 135W 7004 Light Blue
"TS4-A-2F, 20A (Isc), 1000W Rapid shutdown","google.com/TS4-A-2F, 20A (Isc), 1000W Rapid shutdown"
"TS4-A-2F,25A (Isc), 1400W Rapid shutdown","google.com/TS4-A-2F,25A (Isc), 1400W Rapid shutdown"
"Transmitter 120/240VAC PS, Outdoor Enclosure kit","google.com/Transmitter 120/240VAC PS, Outdoor Enclosure kit"
"Transmitter,Dual Core, Pure Signal RSS , Din  Rail","google.com/Transmitter,Dual Core, Pure Signal RSS , Din  Rail"
SH25T-V11,google.com/SH25T-V11
JAM54D40-440-GB-BF,google.com/JAM54D40-440-GB-BF
JAM54D41-435-GB-ALL BLACK,google.com/JAM54D41-435-GB-ALL BLACK
HTU LED screen  Model:P2.0,google.com/HTU LED screen  Model:P2.0
CHSM54M-HC-395W,google.com/CHSM54M-HC-395W
TRINA_NEG9R.28 n type 455 I-Topcon DualGlass,google.com/TRINA_NEG9R.28 n type 455 I-Topcon DualGlass
TRINA_NEG9R.28 n type 455 I-Topcon DualGlass,google.com/TRINA_NEG9R.28 n type 455 I-Topcon DualGlass
TRINA_NEG9R.28 n type 455 I-Topcon DualGlass,google.com/TRINA_NEG9R.28 n type 455 I-Topcon DualGlass
TRINA_NEG9R.28 n type 455 I-Topcon DualGlass,google.com/TRINA_NEG9R.28 n type 455 I-Topcon DualGlass
TRINA_NEG9R.28 n type 455 I-Topcon DualGlass,google.com/TRINA_NEG9R.28 n type 455 I-Topcon DualGlass
TRINA_NEG9R.28 n type 455 I-Topcon DualGlass,google.com/TRINA_NEG9R.28 n type 455 I-Topcon DualGlass
TRINA_NEG9R.28 n type 455 I-Topcon DualGlass,google.com/TRINA_NEG9R.28 n type 455 I-Topcon DualGlass
TRINA_NEG9R.28 n type 455 I-Topcon DualGlass,google.com/TRINA_NEG9R.28 n type 455 I-Topcon DualGlass
TRINA_NEG9RC.27 n type 440 I-Topcon Bifacial DualG,google.com/TRINA_NEG9RC.27 n type 440 I-Topcon Bifacial DualG
TRINA_NEG9RC.27 n type 440 I-Topcon Bifacial DualG,google.com/TRINA_NEG9RC.27 n type 440 I-Topcon Bifacial DualG
TRINA_NEG9RC.27 n type 440 I-Topcon Bifacial DualG,google.com/TRINA_NEG9RC.27 n type 440 I-Topcon Bifacial DualG
TRINA_NEG9RC.27 n type 440 I-Topcon Bifacial DualG,google.com/TRINA_NEG9RC.27 n type 440 I-Topcon Bifacial DualG
TRINA_NEG9RC.27 n type 440 I-Topcon Bifacial DualG,google.com/TRINA_NEG9RC.27 n type 440 I-Topcon Bifacial DualG
TRINA_NEG9RC.27 n type 440 I-Topcon Bifacial DualG,google.com/TRINA_NEG9RC.27 n type 440 I-Topcon Bifacial DualG
"AVW-34HJFH, H-Series, HISENSE","google.com/AVW-34HJFH, H-Series, HISENSE"
"AVS-07HJFTDD (New DC-TD panel), HISENSE","google.com/AVS-07HJFTDD (New DC-TD panel), HISENSE"
"AVY-07UXJSJA + panel, HISENSE","google.com/AVY-07UXJSJA + panel, HISENSE"
TRINA_NEG9R.25_440W Full black,google.com/TRINA_NEG9R.25_440W Full black
TRINA_NEG9R.25_435W Full black,google.com/TRINA_NEG9R.25_435W Full black
TRINA_NEG9R.25_435W Full black,google.com/TRINA_NEG9R.25_435W Full black
TRINA_NEG18R.28_495W-DUALGLASS_BF,google.com/TRINA_NEG18R.28_495W-DUALGLASS_BF
TRINA_NEG18R.28_500W-DUALGLASS_BF,google.com/TRINA_NEG18R.28_500W-DUALGLASS_BF
TRINA_NEG18R.28_500W-DUALGLASS_BF,google.com/TRINA_NEG18R.28_500W-DUALGLASS_BF
TRINA_NEG18R.28_505W-DUALGLASS_BF,google.com/TRINA_NEG18R.28_505W-DUALGLASS_BF
Canadian CS6R-440T n type topcon,google.com/Canadian CS6R-440T n type topcon
Canadian CS6R-440T n type topcon,google.com/Canadian CS6R-440T n type topcon
End Clamp 30-40mm Steel,google.com/End Clamp 30-40mm Steel
End Clamp 30-40mm Steel,google.com/End Clamp 30-40mm Steel
SolarEdge optimizer S1000-1GMXMBT cables 2x1.3,google.com/SolarEdge optimizer S1000-1GMXMBT cables 2x1.3
TRINA_NEG9R.25_445W Full black,google.com/TRINA_NEG9R.25_445W Full black
SH10T,google.com/SH10T
Canadian CS6.1-54TD-460 BF n type topcon,google.com/Canadian CS6.1-54TD-460 BF n type topcon
Canadian CS6.1-54TD-465 BF n type topcon,google.com/Canadian CS6.1-54TD-465 BF n type topcon
T-BAT 5.8 HV11550_repaired,google.com/T-BAT 5.8 HV11550_repaired
LONGI LR5-72HGD-565W Bifacial,google.com/LONGI LR5-72HGD-565W Bifacial
LONGI LR5-72HGD-560W Bifacial,google.com/LONGI LR5-72HGD-560W Bifacial
JAM72D40-580-GB,google.com/JAM72D40-580-GB
JAM72D40-590-LB,google.com/JAM72D40-590-LB
Huawei LUNA2000-7-E1 Battery Module 6.9kWh,google.com/Huawei LUNA2000-7-E1 Battery Module 6.9kWh
DCDC Power Module-LUNA2000-10KW-C1,google.com/DCDC Power Module-LUNA2000-10KW-C1
JAM54S30-420-LR-BF,google.com/JAM54S30-420-LR-BF
JAM54S30-420-LR-BF,google.com/JAM54S30-420-LR-BF
EMU200-V115_S,google.com/EMU200-V115_S